Key,block1Title,previewText,logo,logoUrl,headlineImg,headlineMobImg,topModText,heroImg,heroMobImg,heroAltText,heroUrl,headerCopy11,headerCopy12,cta1Url,cta1Text,mod1DesktopImg,mod1DesktopText,mod1MobileImg,mod1MobileText,mod1DesktopImgUrl,mod1ImgAtlText,mod2DesktopImg,mod2DesktopText,mod2MobileImg,mod2MobileText,mod2ImgUrl,mod2ImgAltText,mod3DesktopImg,mod3DesktopText,mod3MobileImg,mod3MobileText,mod3ImgUrl,mod3ImgAltText,headlineImage2Desktop,headlineImage2Mobile,Headlinetext2,heroImage2Desktop,heroImage2Mobile,heroImage2Url,heroImage2AltText,headerCopy3,headerCopy4,headerCopy5,cta2,cta2Url,cta3,cta3Url,cta4,cta4Url
1,Mes 1: Tienes todavía tanto que descubrir sobre tu bebé,Descubre qué puedes esperar en tu revisión del mes 1…,,https://www.dodot.es/?utm_source=newsletter_babyeducation&utm_medium=email&utm_campaign=trigger_babyeducation_month-1&utm_content=header_logo,be-title-post-month-1-es.jpg,be-title-post-month-1-es-mob.jpg,,be-hero-post-month-1-cae.jpg,be-hero-post-month-1-cae-mob.jpg,Puedes aprender tanto de esos adorables oohs y ayys,https://www.dodot.es/recien-nacido/crecimiento-y-desarrollo/articulo/visita-medica-de-control-del-primer-mes?utm_source=newsletter_babyeducation&utm_medium=email&utm_campaign=trigger_babyeducation_month-1&utm_content=maincta _maincta,Tu primera gran revisión médica te enseñará mucho más de lo que podrás aprender con solo ver a tu bebé.,"Tu doctor es la mejor fuente de información acerca de tu bebé, así que si tienes preguntas o dudas, pregúntale.",https://www.dodot.es/recien-nacido/crecimiento-y-desarrollo/articulo/visita-medica-de-control-del-primer-mes?utm_source=newsletter_babyeducation&utm_medium=email&utm_campaign=trigger_babyeducation_month-1&utm_content=maincta _maincta,Ve lo que puedes esperar de tu revisión médica,be-post-month-1-es.jpg,,be-post-month-1-es-mob.jpg,,,,,,,,,,,,,,,,,,,,,,,,,,,,,,,
2,Mes 2: La segunda visita de control de tu bebé,Descubre qué puedes esperar en tu revisión del mes 2…,,https://www.dodot.es/?utm_source=newsletter_babyeducation&utm_medium=email&utm_campaign=trigger_babyeducation_month-2&utm_content=header_logo,be-title-post-month-2-es.jpg,be-title-post-month-2-es-mob.jpg,,be-hero-post-month-2-cae.jpg,be-hero-post-month-2-cae-mob.jpg,Siempre vas a querer saber todos los pequeños detalles,https://www.dodot.es/recien-nacido/crecimiento-y-desarrollo/articulo/visita-medica-de-control-2-meses?utm_source=newsletter_babyeducation&utm_medium=email&utm_campaign=trigger_babyeducation_month-2&utm_content=maincta _maincta,Cada visita al doctor es una oportunidad para aprender más de tu peque.,"Estas revisiones se harán menos frecuentes, así que asegúrate de que tu médico responda a todas tus preguntas y dudas acerca del desarrollo de tu bebé, ¡para eso está!",https://www.dodot.es/recien-nacido/crecimiento-y-desarrollo/articulo/visita-medica-de-control-2-meses?utm_source=newsletter_babyeducation&utm_medium=email&utm_campaign=trigger_babyeducation_month-2&utm_content=maincta _maincta,Ve lo que puedes esperar de tu revisión médica,be-post-month-2-es.jpg,,be-post-month-2-es-mob.jpg,,,,,,,,,,,,,,,,,,,,,,,,,,,,,,,
3,Mes 3: Tu bebé comienza a enfocar,La visión de tu bebé se vuelve más clara y definida cada día...,,https://www.dodot.es/?utm_source=newsletter_babyeducation&utm_medium=email&utm_campaign=trigger_babyeducation_month-3&utm_content=header_logo,be-title-post-month-3-es.jpg,be-title-post-month-3-es-mob.jpg,,be-hero-post-month-3-cae.jpg,be-hero-post-month-3-cae-mob.jpg,La visión de tu bebé se vuelve más clara y definida cada día...,https://www.dodot.es/recien-nacido/crecimiento-y-desarrollo/articulo/visita-medica-de-control-2-meses?utm_source=newsletter_babyeducation&utm_medium=email&utm_campaign=trigger_babyeducation_month-3&utm_content=maincta _maincta,"Día a día, tu bebé te ve más nítidamente.","Los maravillosos ojitos de tu bebé siguen desarrollando el alcance, seguimiento y percepción del color. No es de extrañarse que tu cara sea lo que más le guste ver.",https://www.dodot.es/recien-nacido/crecimiento-y-desarrollo/articulo/visita-medica-de-control-2-meses?utm_source=newsletter_babyeducation&utm_medium=email&utm_campaign=trigger_babyeducation_month-3&utm_content=maincta _maincta,Conoce más acerca de la vista de tu bebé,be-post-month-3-es.jpg,,be-post-month-3-es-mob.jpg,,,,,,,,,,,,,,,,,,,,,,,,,,,,,,,
4,"Mes 4: Aprende, descansa, repite",Estos son nuestros consejos favoritos para establecer la rutina de sueño…,,https://www.dodot.es/?utm_source=newsletter_babyeducation&utm_medium=email&utm_campaign=trigger_babyeducation_month-4&utm_content=header_logo,be-title-post-month-4-es.jpg,be-title-post-month-4-es-mob.jpg,,be-hero-post-month-4-cae.jpg,be-hero-post-month-4-cae-mob.jpg,"Algunas veces, crecer suena así ""zzzzz""",https://www.dodot.es/bebe/el-sueno/articulo/patrones-de-sueno-en-bebes-de-0-a-36-meses?utm_source=newsletter_babyeducation&utm_medium=email&utm_campaign=trigger_babyeducation_month-4&utm_content=maincta _maincta,Establecer una rutina de sueño es fundamental: tu bebé se desarrolla mientras duerme.,"Hay muchas maneras de abordar la rutina del sueño, y todas requieren tiempo, paciencia, y práctica. Aquí, un video con algunas de nuestras ideas favoritas.",https://www.dodot.es/bebe/el-sueno/articulo/patrones-de-sueno-en-bebes-de-0-a-36-meses?utm_source=newsletter_babyeducation&utm_medium=email&utm_campaign=trigger_babyeducation_month-4&utm_content=maincta _maincta,Ve nuestros consejos para el entrenamiento del sueño,be-post-month-4-es.jpg,,be-post-month-4-es-mob.jpg,,,,,,,,,,,,,,,,,,,,,,,,,,,,,,,
5,Mes 5: De pronto sus manos son la cosa más interesante,"Tu bebé se está preparando para crecer mucho, mucho más…",,https://www.dodot.es/?utm_source=newsletter_babyeducation&utm_medium=email&utm_campaign=trigger_babyeducation_month-5&utm_content=header_logo,be-title-post-month-5-es.jpg,be-title-post-month-5-es-mob.jpg,,be-hero-post-month-5-cae.jpg,be-hero-post-month-5-cae-mob.jpg,Porque cada caricia les enseña algo nuevo,https://www.dodot.es/recien-nacido/crecimiento-y-desarrollo/articulo/mes-5?utm_source=newsletter_babyeducation&utm_medium=email&utm_campaign=trigger_babyeducation_month-5&utm_content=maincta _maincta,El nuevo interés de tu bebé por sus manos es una señal de que está aprendiendo a interactuar mejor con el mundo.,"Desde darse la vuelta solo hasta los primeros dientes, puedes esperar muchas cosas nuevas en el desarrollo de tu peque en las próximas semanas.",https://www.dodot.es/recien-nacido/crecimiento-y-desarrollo/articulo/mes-5?utm_source=newsletter_babyeducation&utm_medium=email&utm_campaign=trigger_babyeducation_month-5&utm_content=maincta _maincta,Ve más sobre las etapas de desarrollo,be-post-month-5-es.jpg,,be-post-month-5-es-mob.jpg,,,,,,,,,,,,,,,,,,,,,,,,,,,,,,,
6,Mes 6: ¿Cómo regstro el crecimiento de mi bebé?,Para esos pequeños accidentes…,,https://www.dodot.es/?utm_source=newsletter_babyeducation&utm_medium=email&utm_campaign=trigger_babyeducation_month-6&utm_content=header_logo,be-title-post-month-6-es.jpg,be-title-post-month-6-es-mob.jpg,pero sí todo lo demás,be-hero-post-month-6-cae.jpg,be-hero-post-month-6-cae-mob.jpg,"Lo único que los médicos no van a medir es ""ohhh""",https://www.dodot.es/recien-nacido/crecimiento-y-desarrollo/articulo/tabla-de-crecimiento-como-interpretarla?utm_source=newsletter_babyeducation&utm_medium=email&utm_campaign=trigger_babyeducation_month-6&utm_content=maincta _maincta,Una tabla de crecimiento te ayudará para saber qué tanto ha progresado tu bebé.,"Registrar el tamaño y peso de tu bebé puede decirte mucho de su salud y desarrollo, así que asegúrate de llevar el regsitro correctamente. Para facilitarte la tarea, queremos ayudarte a entender una tabla de crecimiento y a interpretar los resultados.",https://www.dodot.es/recien-nacido/crecimiento-y-desarrollo/articulo/tabla-de-crecimiento-como-interpretarla?utm_source=newsletter_babyeducation&utm_medium=email&utm_campaign=trigger_babyeducation_month-6&utm_content=maincta _maincta,Descubre más,be-post-month-6-es.jpg,,be-post-month-6-es-mob.jpg,,,,,,,,,,,,,,,,,,,,,,,,,Encuentra una tabla de crecimiento para tu bebé,https://www.dodot.es/bebe/crecimiento-y-desarrollo/articulo/tablas-de-peso-y-altura ?utm_source=newsletter_babyeducation&utm_medium=email&utm_campaign=trigger_babyeducation_month-6&utm_content=secondcta_secondarycta,,,,,
7,Mes 7: Esa sonrisa se vuelve más y más tierna,Así puedes ayudar a tu bebé a estar más cómodo durante la dentición,,https://www.dodot.es/?utm_source=newsletter_babyeducation&utm_medium=email&utm_campaign=trigger_babyeducation_month-7&utm_content=header_logo,be-title-post-month-7-es.jpg,be-title-post-month-7-es-mob.jpg,diente a diente,be-hero-post-month-7-cae.jpg,be-hero-post-month-7-cae-mob.jpg,Su sonrisa se vuelve más y más brillante con cada nuevo diente,https://www.dodot.es/bebe/empezando-con-los-dientes/articulo/que-puede-aliviar-las-molestias-de-la-denticion?utm_source=newsletter_babyeducation&utm_medium=email&utm_campaign=trigger_babyeducation_month-7&utm_content=maincta _maincta,"La dentición tiene su lado difícil, pero hay muchas maneras de ayudar a tu peque a estar más cómodo.",Tan simple como masticar fruta fría o acurrucarse juntos un rato… Estos son algunos de nuestros remedios favoritos para la dentición.,https://www.dodot.es/bebe/empezando-con-los-dientes/articulo/que-puede-aliviar-las-molestias-de-la-denticion?utm_source=newsletter_babyeducation&utm_medium=email&utm_campaign=trigger_babyeducation_month-7&utm_content=maincta _maincta,Descubre nuestros consejos,be-post-month-7-es.jpg,,be-post-month-7-es-mob.jpg,,,,,,,,,,,,,,,,,,,,,,,,,,,,,,,
8,Mes 8: ¿Qué hay allí?,"Ve nuestros tips favoritos para hacer de tu casa un lugar seguro para ""exploradores""",,https://www.dodot.es/?utm_source=newsletter_babyeducation&utm_medium=email&utm_campaign=trigger_babyeducation_month-8&utm_content=header_logo,be-title-post-month-8-es.jpg,be-title-post-month-8-es-mob.jpg,el comienzo de un emocionante viaje,Month_8_hero-es.jpg,Month_8_hero-es-mob.jpg,"Arrastrarse, tropezarse y resbalarse puede ser el comienzo de un emocionante viaje",https://www.dodot.es/bebe/seguridad-en-casa?utm_source=newsletter_babyeducation&utm_medium=email&utm_campaign=trigger_babyeducation_month-8&utm_content=maincta _maincta,Un ambiente apto para peques le da la libertad para explorar su mundo en constante expansión.,"Si no sabes por dónde empezar, intenta ponerte a su altura. Un recorrido por la casa gateando es una estupenda manera para ver las cosas desde su perspectiva.",https://www.dodot.es/bebe/seguridad-en-casa?utm_source=newsletter_babyeducation&utm_medium=email&utm_campaign=trigger_babyeducation_month-8&utm_content=maincta _maincta,Más ideas para la seguridad infantil ,be-post-month-8-es.jpg,,be-post-month-8-es-mob.jpg,,,,,,,,,,,,,,,,,,,,,,,,,,,,,,,
9,Mes 9: ¿Estás preparada para la visita médica de los 9 meses? ,Descubre qué puedes esperar en tu revisión del mes 9…,,https://www.dodot.es/?utm_source=newsletter_babyeducation&utm_medium=email&utm_campaign=trigger_babyeducation_month-9&utm_content=header_logo,be-title-post-month-9-es.jpg,be-title-post-month-9-es-mob.jpg,ahora son con el pediatra,be-hero-post-month-9-cae.jpg,be-hero-post-month-9-cae-mob.jpg,Porque tus citas más importantes son con el pediatra,https://www.dodot.es/bebe/crecimiento-y-desarrollo/articulo/visita-medica-de-control-de-los-9-meses?utm_source=newsletter_babyeducation&utm_medium=email&utm_campaign=trigger_babyeducation_month-9&utm_content=maincta _maincta,"Durante la visita de los 9 meses, tu pediatra se centrará en la alimentación, los hábitos de sueño y el desarrollo de tu hijo. ",También es el momento de ponerte al día con cualquier vacuna que el pequeño no haya recibido.,https://www.dodot.es/bebe/crecimiento-y-desarrollo/articulo/visita-medica-de-control-de-los-9-meses?utm_source=newsletter_babyeducation&utm_medium=email&utm_campaign=trigger_babyeducation_month-9&utm_content=maincta _maincta,Descubre todo sobre la visita médica de los 9 meses,be-post-month-9-es.jpg,,be-post-month-9-es-mob.jpg,,,,,,,,,,,,,,,,,,,,,,,,,,,,,,,
10,,,,,,,,be-hero-post-month-10-cae.jpg,be-hero-post-month-10-cae-mob.jpg,,,,,,,be-post-month-10-es.jpg,,be-post-month-10-es-mob.jpg,,,,,,,,,,,,,,,,,,,,,,,,,,,,,,,
11,Mes 11: Pasito a pasito,Esto es lo que debes saber sobre los primeros pasos de tu bebé…,,https://www.dodot.es/?utm_source=newsletter_babyeducation&utm_medium=email&utm_campaign=trigger_babyeducation_month-11&utm_content=header_logo,be-title-post-month-11-es.jpg,be-title-post-month-11-es-mob.jpg,,Month_11_hero-es.jpg,Month_11_hero-es-mob.jpg,Porque ensayo y error es solo el principio,https://www.dodot.es/bebe/crecimiento-y-desarrollo/articulo/mes-11?utm_source=newsletter_babyeducation&utm_medium=email&utm_campaign=trigger_babyeducation_month-11&utm_content=maincta _maincta,"Los primeros pasos de tu peque le dan independencia, y le abren las puertas a un mundo nuevo por descubrir.","¿Reflexivo y cauteloso, o audaz y temerario? Aprenderás tanto de su personalidad con solo verlo explorar, y además estarás ahí para celebrar sus logros.",https://www.dodot.es/bebe/crecimiento-y-desarrollo/articulo/mes-11?utm_source=newsletter_babyeducation&utm_medium=email&utm_campaign=trigger_babyeducation_month-11&utm_content=maincta _maincta,Todo lo que pasa en el mes 11 de tu bebé,be-post-month-11-es.jpg,,be-post-month-11-es-mob.jpg,,,,,,,,,,,,,,,,,,,,,,,,,,,,,,,
12,Mes 12: Revisión ,Esto es lo que puedes esperar en tu revisión de los 12 meses,,https://www.dodot.es/?utm_source=newsletter_babyeducation&utm_medium=email&utm_campaign=trigger_babyeducation_month-12&utm_content=header_logo,be-title-post-month-12-es.jpg,be-title-post-month-12-es-mob.jpg,,Month_12_hero-es.jpg,Month_12_hero-es-mob.jpg,Cuando sentarse puede ser lo más difícil,https://www.dodot.es/bebe/crecimiento-y-desarrollo/articulo/visita-medica-de-control-12-meses?utm_source=newsletter_babyeducation&utm_medium=email&utm_campaign=trigger_babyeducation_month-12&utm_content=maincta _maincta,Tu pequeño recién nacido se ha convertido en un serpenteante y curioso paciente.,¡Esto es lo que puedes esperar! Tener un juguete a la mano puede ayudar a mantener a tu bebé ocupado mientras el doctor te actualiza con sus más recientes progresos.,https://www.dodot.es/bebe/crecimiento-y-desarrollo/articulo/visita-medica-de-control-12-meses?utm_source=newsletter_babyeducation&utm_medium=email&utm_campaign=trigger_babyeducation_month-12&utm_content=maincta _maincta,Ve lo que puedes esperar de tu revisión médica,be-post-month-12-es.jpg,,be-post-month-12-es-mob.jpg,,,,,,,,,,,,,,,,,,,,,,,,,,,,,,,
13,,,,,,,,,,,,,,,,,,,,,,,,,,,,,,,,,,,,,,,,,,,,,,,,,
14,Mes 14: El arte de poner límites,Ve estas recomendaciones para la disciplina en niños pequeños…,,https://www.dodot.es/?utm_source=newsletter_babyeducation&utm_medium=email&utm_campaign=trigger_babyeducation_month-14&utm_content=header_logo,be-title-post-month-14-es.jpg,be-title-post-month-14-es-mob.jpg,necesita un experto en peques,be-hero-post-month-14-cae.jpg,be-hero-post-month-14-cae-mob.jpg,Cada pequeño aprendiz necesita un experto en peques,https://www.dodot.es/bebes-de-1-3-anos/crecimiento-y-desarrollo/articulo/como-ensenar-disciplina-a-tu-hijo-con-amor?utm_source=newsletter_babyeducation&utm_medium=email&utm_campaign=trigger_babyeducation_month-14&utm_content=maincta _maincta,"Para un niño pequeño, las instrucciones claras y sencillas son más fáciles de entender.","Evita instrucciones confusas y vagas como: ""Sé bueno"" o ""Basta de hacer eso"". Usa instrucciones más positivas ya que ayudan a mejorar la disciplina.",https://www.dodot.es/bebes-de-1-3-anos/crecimiento-y-desarrollo/articulo/como-ensenar-disciplina-a-tu-hijo-con-amor?utm_source=newsletter_babyeducation&utm_medium=email&utm_campaign=trigger_babyeducation_month-14&utm_content=maincta _maincta,Descubre más consejos para enseñar a tu pequeño,be-post-month-14-es.jpg,,be-post-month-14-es-mob.jpg,,,,,,,,,,,,,,,,,,,,,,,,,,,,,,,
15,,,,,,,,,,,,,,,,,,,,,,,,,,,,,,,,,,,,,,,,,,,,,,,,,
16,"Mes 16: ¡Hoy, la sala. Mañana, el mundo!",Esto es lo que puedes esperar cuando empiece a caminar…,,https://www.dodot.es/?utm_source=newsletter_babyeducation&utm_medium=email&utm_campaign=trigger_babyeducation_month-16&utm_content=header_logo,be-title-post-month-16-es.jpg,be-title-post-month-16-es-mob.jpg,ya es un niño todo-terreno,Month_16_hero-es.jpg,Month_16_hero-es-mob.jpg,De repende tu bebé ya es un niño todo-terreno,https://www.dodot.es/bebes-de-1-3-anos/crecimiento-y-desarrollo?utm_source=newsletter_babyeducation&utm_medium=email&utm_campaign=trigger_babyeducation_month-16&utm_content=maincta _maincta,"Mayor seguridad en sí mismos significa más osadía, más exploraciones temerarias.",Recorrer escaleras puede ser especialmente delicado (y tentador) para tu peque. Una puerta de seguridad y mantener los ojos bien abiertos permitirá que explore sus límites pero con los riesgos controlados.,https://www.dodot.es/bebes-de-1-3-anos/crecimiento-y-desarrollo?utm_source=newsletter_babyeducation&utm_medium=email&utm_campaign=trigger_babyeducation_month-16&utm_content=maincta _maincta,Lee nuestros consejos para que tu peque explore sin riesgos,be-post-month-16-es.jpg,,be-post-month-16-es-mob.jpg,,,,,,,,,,,,,,,,,,,,,,,,,,,,,,,
17,,,,,,,,,,,,,,,,,,,,,,,,,,,,,,,,,,,,,,,,,,,,,,,,,
18,Mes 18: ¿Te acuerdas cuando el baño era solo una parte de la casa?,Consejos para la temprana operación pañal,,https://www.dodot.es/?utm_source=newsletter_babyeducation&utm_medium=email&utm_campaign=trigger_babyeducation_month-18&utm_content=header_logo,be-title-post-month-18-es.jpg,be-title-post-month-18-es-mob.jpg,,Month_18_hero-es.jpg,Month_18_hero-es-mob.jpg,"Y de pronto, la casa tiene una nueva habitación misteriosa",https://www.dodot.es/bebes-de-1-3-anos/aprendiendo-a-ir-al-bano/articulo/entrenamiento-para-el-orinal-senales-de-que-esta-preparado?utm_source=newsletter_babyeducation&utm_medium=email&utm_campaign=trigger_babyeducation_month-18&utm_content=maincta _maincta,Hay muchas señales para saber que es tiempo de dejar el pañal.,"Si está demostrando interés por usar el baño o la bacinilla, estás son algunas maneras para saber si es el momento para dejar el pañal.",https://www.dodot.es/bebes-de-1-3-anos/aprendiendo-a-ir-al-bano/articulo/entrenamiento-para-el-orinal-senales-de-que-esta-preparado?utm_source=newsletter_babyeducation&utm_medium=email&utm_campaign=trigger_babyeducation_month-18&utm_content=maincta _maincta,Identifica las señales de que es tiempo de dejar el pañal,be-post-month-18-es.jpg,,be-post-month-18-es-mob.jpg,,,,,,,,,,,,,,,,,,,,,,,,,,,,,,,
19,,,,,,,,,,,,,,,,,,,,,,,,,,,,,,,,,,,,,,,,,,,,,,,,,
20,Mes 20: ¿Cómo saber que es hora de dormir?,Algunos consejos para el entrenamieto del sueño durante la primera infancia,,https://www.dodot.es/?utm_source=newsletter_babyeducation&utm_medium=email&utm_campaign=trigger_babyeducation_month-20&utm_content=header_logo,be-title-post-month-20-es.jpg,be-title-post-month-20-es-mob.jpg,"No hay mejor manera de decir ""es hora de dormir""",be-hero-post-month-20-cae.jpg,be-hero-post-month-20-cae-mob.jpg,"No hay mejor manera de decir ""es hora de dormir"" que leer un cuento",https://www.dodot.es/bebe/el-sueno/articulo/patrones-de-sueno-en-bebes-de-0-a-36-meses?utm_source=newsletter_babyeducation&utm_medium=email&utm_campaign=trigger_babyeducation_month-20&utm_content=maincta _maincta,"Cuando hablamos de la rutina del sueño, ser consistente lo es todo.","Ayuda a tu peque a establecer su rutina de sueño con actividades como ponerse el pijama, cepillarse los dientes y leer un cuento. ",https://www.dodot.es/bebe/el-sueno/articulo/patrones-de-sueno-en-bebes-de-0-a-36-meses?utm_source=newsletter_babyeducation&utm_medium=email&utm_campaign=trigger_babyeducation_month-20&utm_content=maincta _maincta,Ve nuestras ideas para la rutina del sueño,be-post-month-20-es.jpg,,be-post-month-20-es-mob.jpg,,,,,,,,,,,,,,,,,,,,,,,,,,,,,,,
21,,,,,,,,,,,,,,,,,,,,,,,,,,,,,,,,,,,,,,,,,,,,,,,,,
22,Mes 22: ¿Exigente o desarrollando el paladar?,Cómo hacer feliz al pequeño tiquismiquis con la comida…,,https://www.dodot.es/?utm_source=newsletter_babyeducation&utm_medium=email&utm_campaign=trigger_babyeducation_month-22&utm_content=header_logo,be-title-post-month-22-es.jpg,be-title-post-month-22-es-mob.jpg,de un adorable cliente,be-hero-post-month-22-cae.jpg,be-hero-post-month-22-cae-mob.jpg,Cada madre y padre es el nutricionista de un adorable paciente,https://www.dodot.es/bebes-de-1-3-anos/nutricion/articulo/mal-comer-en-bebes-y-ninos-de-0-a-36-meses?utm_source=newsletter_babyeducation&utm_medium=email&utm_campaign=trigger_babyeducation_month-22&utm_content=maincta _maincta,"Si estás buscando la manera pefecta para anunciar tu embarazo, ve este artículo con ideas creativas para revelar tu secreto de forma inolvidable.","Desde comidas familiares hasta explorar gustos, tu peque confiará en tu ayuda para establecer hábitos de alimentación saludables",https://www.dodot.es/bebes-de-1-3-anos/nutricion/articulo/mal-comer-en-bebes-y-ninos-de-0-a-36-meses?utm_source=newsletter_babyeducation&utm_medium=email&utm_campaign=trigger_babyeducation_month-22&utm_content=maincta _maincta,Ve nuestras estrategias favoritas para la hora de comer,be-post-month-22-es.jpg,,be-post-month-22-es-mob.jpg,,,,,,,,,,,,,,,,,,,,,,,,,,,,,,,
23,,,,,,,,,,,,,,,,,,,,,,,,,,,,,,,,,,,,,,,,,,,,,,,,,
24,"Mes 24: Dejar el pañal es un proceso, hay que ir paso a paso",Básicos para la operación pañal,,https://www.dodot.es/?utm_source=newsletter_babyeducation&utm_medium=email&utm_campaign=trigger_babyeducation_month-24&utm_content=header_logo,be-title-post-month-24-es.jpg,be-title-post-month-24-es-mob.jpg,,be-hero-post-month-24-cae.jpg,be-hero-post-month-24-cae-mob.jpg,Cada ida al baño es una pieza del entramiento,https://www.dodot.es/bebes-de-1-3-anos/aprendiendo-a-ir-al-bano/articulo/pasos-para-el-uso-del-orinal-en-ninos-de-12-a-36-meses?utm_source=newsletter_babyeducation&utm_medium=email&utm_campaign=trigger_babyeducation_month-24&utm_content=maincta _maincta,Ir al baño solos es más difícil de lo que los adultos piensan.,"Desde saber cuándo es el momento de usar la bacinilla hasta limpiarse y tirar de la cadena, ayuda a tu peque a aprender todo el proceso con estos sencillos consejos.",https://www.dodot.es/bebes-de-1-3-anos/aprendiendo-a-ir-al-bano/articulo/pasos-para-el-uso-del-orinal-en-ninos-de-12-a-36-meses?utm_source=newsletter_babyeducation&utm_medium=email&utm_campaign=trigger_babyeducation_month-24&utm_content=maincta _maincta,Ve nuestros consejos para facilitar dejar el pañal,be-post-month-24-es.jpg,,be-post-month-24-es-mob.jpg,,,,,,,,,,,,,,,,,,,,,,,,,,,,,,,
25,,,,,,,,,,,,,,,,,,,,,,,,,,,,,,,,,,,,,,,,,,,,,,,,,
26,Mes 26: Todo es juego y diversión hasta que llega la hora de usar la bacinilla,Todo lo que necesitas saber acerca de la operación pañal,,https://www.dodot.es/?utm_source=newsletter_babyeducation&utm_medium=email&utm_campaign=trigger_babyeducation_month-26&utm_content=header_logo,be-title-post-month-26-es.jpg,be-title-post-month-26-es-mob.jpg,,Month_26_hero-es.jpg,Month_26_hero-es-mob.jpg,Detener el juego es básicamente un superpoder,https://www.dodot.es/bebes-de-1-3-anos/aprendiendo-a-ir-al-bano/articulo/que-hacer-y-que-no-al-entrenar-para-el-orinal?utm_source=newsletter_babyeducation&utm_medium=email&utm_campaign=trigger_babyeducation_month-26&utm_content=maincta _maincta,El mejor consejo para dejar el pañal es recordar que los accidentes son solo parte del proceso.,Consulta esta guía útil para mantener a tu pequeño animado durante el entrenamiento para ir al baño.,https://www.dodot.es/bebes-de-1-3-anos/aprendiendo-a-ir-al-bano/articulo/que-hacer-y-que-no-al-entrenar-para-el-orinal?utm_source=newsletter_babyeducation&utm_medium=email&utm_campaign=trigger_babyeducation_month-26&utm_content=maincta _maincta,Ve nuestros consejos para que dejar el pañal sea un éxito,be-post-month-26-es.jpg,,be-post-month-26-es-mob.jpg,,,,,,,,,,,,,,,,,,,,,,,,,,,,,,,
27,,,,,,,,,,,,,,,,,,,,,,,,,,,,,,,,,,,,,,,,,,,,,,,,,
28,Mes 28: ¿Por qué se llaman los temidos 2 años?,Cómo sobrellevar el año -hasta ahora- más exigente de tu peque,,https://www.dodot.es/?utm_source=newsletter_babyeducation&utm_medium=email&utm_campaign=trigger_babyeducation_month-28&utm_content=header_logo,be-title-post-month-28-es.jpg,be-title-post-month-28-es-mob.jpg,Su nueva palabra favorita,be-hero-post-month-28-cae.jpg,be-hero-post-month-28-cae-mob.jpg,"De pronto ""no"" es su nueva palabra favorita",https://www.dodot.es/bebes-de-1-3-anos/crecimiento-y-desarrollo/articulo/mes-24?utm_source=newsletter_babyeducation&utm_medium=email&utm_campaign=trigger_babyeducation_month-28&utm_content=maincta _maincta,La primera infancia trae un montón de retos únicos,"Si tu peque repentinamente parece más frustrado de lo normal, recuerda lo complicado que se siente crecer.",https://www.dodot.es/bebes-de-1-3-anos/crecimiento-y-desarrollo/articulo/mes-24?utm_source=newsletter_babyeducation&utm_medium=email&utm_campaign=trigger_babyeducation_month-28&utm_content=maincta _maincta,"Ve nuestros consejos para los ""terribles dos""",be-post-month-28-es.jpg,,be-post-month-28-es-mob.jpg,,,,,,,,,,,,,,,,,,,,,,,,,,,,,,,
29,,,,,,,,,,,,,,,,,,,,,,,,,,,,,,,,,,,,,,,,,,,,,,,,,
30,Mes 30: Prepárate para reíros juntos,Qué esperar de tu peque de 2 años y medio,,https://www.dodot.es/?utm_source=newsletter_babyeducation&utm_medium=email&utm_campaign=trigger_babyeducation_month-30&utm_content=header_logo,be-title-post-month-30-es.jpg,be-title-post-month-30-es-mob.jpg,,be-hero-post-month-30-cae.jpg,be-hero-post-month-30-cae-mob.jpg,Cuando puedes jurar que acaba de decir…,https://www.dodot.es/bebes-de-1-3-anos/crecimiento-y-desarrollo/articulo/mes-30?utm_source=newsletter_babyeducation&utm_medium=email&utm_campaign=trigger_babyeducation_month-30&utm_content=maincta _maincta,Lo más divertido de la primera infancia es siempre lo que no te esperas.,"Desde aprender a comunicarse hasta superar la falta de coordinación, tu peque de 2 años y medio está en la mitad de uno de sus mejores (y más divertidos) años.",https://www.dodot.es/bebes-de-1-3-anos/crecimiento-y-desarrollo/articulo/mes-30?utm_source=newsletter_babyeducation&utm_medium=email&utm_campaign=trigger_babyeducation_month-30&utm_content=maincta _maincta,Descubre lo que puedes esperar este mes,be-post-month-30-es.jpg,,be-post-month-30-es-mob.jpg,,,,,,,,,,,,,,,,,,,,,,,,,,,,,,,
31,,,,,,,,,,,,,,,,,,,,,,,,,,,,,,,,,,,,,,,,,,,,,,,,,
32,Mes 32: Comodidad en la nueva cama,Estas son nuestras ideas favoritas para la transición de la cuna a la cama…,,https://www.dodot.es/?utm_source=newsletter_babyeducation&utm_medium=email&utm_campaign=trigger_babyeducation_month-32&utm_content=header_logo,be-title-post-month-32-es.jpg,be-title-post-month-32-es-mob.jpg,,be-hero-post-month-32-cae.jpg,be-hero-post-month-32-cae-mob.jpg,Cuando la comodidad es más que almohadas suaves,https://www.dodot.es/bebes-de-1-3-anos/el-sueno/articulo/como-ayudar-a-mi-hijo-de-2-anos-a-dormir-solo-en-su-cama?utm_source=newsletter_babyeducation&utm_medium=email&utm_campaign=trigger_babyeducation_month-32&utm_content=maincta _maincta,Dejar la seguridad de la cuna puede ser muy difícil para algunos niños.,"¡Un paso a la vez! Al principio intenta poner el colchón de la nueva camita en el piso y úsalo solo para siestas, así la transición se hace más placentera para tu peque y para ti.",https://www.dodot.es/bebes-de-1-3-anos/el-sueno/articulo/como-ayudar-a-mi-hijo-de-2-anos-a-dormir-solo-en-su-cama?utm_source=newsletter_babyeducation&utm_medium=email&utm_campaign=trigger_babyeducation_month-32&utm_content=maincta _maincta,Ve nuestros consejos para cambiar a la cama,be-post-month-32-es.jpg,,be-post-month-32-es-mob.jpg,,,,,,,,,,,,,,,,,,,,,,,,,,,,,,,
33,,,,,,,,,,,,,,,,,,,,,,,,,,,,,,,,,,,,,,,,,,,,,,,,,
34,,,,,,,,,,,,,,,,be-post-month-34-es.jpg,,be-post-month-34-es-mob.jpg,,,,,,,,,,,,,,,,,,,,,,,,,,,,,,,
35,,,,,,,,,,,,,,,,,,,,,,,,,,,,,,,,,,,,,,,,,,,,,,,,,
36,Mes 36: Algunos niños se duermen a pesar de cualquier cosa,Para esos pequeños accidentes…,,https://www.dodot.es/?utm_source=newsletter_babyeducation&utm_medium=email&utm_campaign=trigger_babyeducation_month-34&utm_content=header_logo,be-title-post-month-36-es.jpg,be-title-post-month-36-es-mob.jpg,¿Quien no ha soñado con ellos alguna vez?,be-hero-post-month-36-cae.jpg,be-hero-post-month-36-cae-mob.jpg,¿Quién no ha soñado con toboganes de agua?,https://www.dodot.es/seguridad-y-compromiso/happyjama/articulo/factores-de-exito-y-no-exito-ante-el-tratamiento-con-ninas-menores-de-6-anos?utm_source=newsletter_babyeducation&utm_medium=email&utm_campaign=trigger_babyeducation_month-36&utm_content=maincta _maincta,"No mojar la cama puede ser la parte más difícil, pero hay muchas maneras de ayudarle.","Desde las rutinas de sueño hasta cuadros de recompensas. Cómo enfrentar la cama mojada, un paso a la vez.",https://www.dodot.es/seguridad-y-compromiso/happyjama/articulo/factores-de-exito-y-no-exito-ante-el-tratamiento-con-ninas-menores-de-6-anos?utm_source=newsletter_babyeducation&utm_medium=email&utm_campaign=trigger_babyeducation_month-36&utm_content=maincta _maincta,Ve nuestros consejos sobre mojar la cama,be-post-month-36-es.jpg,,be-post-month-36-es-mob.jpg,,,,,,,,,,,,,,,,,,,,,,,,,,,,,,,